{
    "number_rooms": 5,
    "room1_name": "Living Room",
    "room1_temp_reg": "131",
    "room2_name": "Dining Room",
    "room2_temp_reg": "132",
    "room3_name": "Kitchen",
    "room3_temp_reg": "133",
    "room4_name": "Master Bedroom",
    "room4_temp_reg": "134",
    "room5_name": "Bedroom",
    "room5_temp_reg": "135",
    "room6_name": "Bedroom",
    "room6_temp_reg": "136",
    "day_setpoint_reg": "345",
    "day_cooling_setpoint_reg": "348",
    "day_heating_setpoint_reg": "349",
    "day_cooling_deadband_setpoint_reg": "346",
    "day_heating_deadband_setpoint_reg": "347",
    "night_setpoint_reg": "350",
    "night_cooling_setpoint_reg": "355",
    "night_heating_setpoint_reg": "354",
    "night_cooling_deadband_setpoint_reg": "353",
    "night_heating_deadband_setpoint_reg": "352",
    "device_internal_temp_reg": "130",
    "mode_reg": "101",
    "day_setpoint": 210,
    "day_cooling_setpoint": 230,
    "day_heating_setpoint": 190,
    "night_setpoint": 180,
    "night_cooling_setpoint": 210,
    "night_heating_setpoint": 150,
    "tableData": [],
    "tmpMonOnOff": false,
    "tmpTueOnOff": false,
    "tmpWedOnOff": false,
    "tmpThuOnOff": false,
    "tmpFriOnOff": false,
    "tmpSatOnOff": false,
    "tmpSunOnOff": false,
    "tmpHolOnOff": false,
    "tmpMonMode": 0,
    "tmpTueMode": 0,
    "tmpWedMode": 0,
    "tmpThuMode": 0,
    "tmpFriMode": 0,
    "tmpSatMode": 0,
    "tmpSunMode": 0,
    "tmpHolMode": 0,
    "tmpTime": "00:00",
    "lastId": 0,
    "toggleMode": false
}