{
    "number_rooms": 3,
    "number_scheds": 2,
    "room1_name": "Living Room",
    "room1_temp_reg": "7501",
    "room2_name": "Dining Room",
    "room2_temp_reg": "7501",
    "room3_name": "Master Bedroom",
    "room3_tcp_add": "",
    "room3_temp_reg": "7501",
    "sched1_name": "Occupied",
    "sched2_name": "Unoccupied",
    "sched3_name": "Holiday",
    "sched1_cooling_setpoint": 22000,
    "sched1_heating_setpoint": 19000,
    "sched2_cooling_setpoint": 23000,
    "sched2_heating_setpoint": 17000,
    "sched3_cooling_setpoint": 0,
    "sched3_heating_setpoint": 0,
    "selectedID": 3,
    "currentID": 1,
    "curr_sched": "sched1",
    "sched1": [
        "16:10",
        "18:15",
        "19:25",
        "21:30",
        "",
        "",
        "",
        "",
        "16:10",
        "18:15",
        "19:25",
        "21:30",
        "",
        "",
        "",
        "",
        "16:10",
        "18:15",
        "19:25",
        "21:30",
        "",
        "",
        "",
        "",
        "16:10",
        "18:15",
        "19:25",
        "21:30",
        "",
        "",
        "",
        "",
        "16:10",
        "18:15",
        "19:25",
        "21:30",
        "",
        "",
        "",
        "",
        "16:10",
        "18:15",
        "19:25",
        "21:30",
        "",
        "",
        "",
        "",
        "16:10",
        "18:15",
        "19:25",
        "21:30",
        "",
        "",
        "",
        "",
        "16:10",
        "18:15",
        "19:25",
        "21:30",
        "",
        "",
        "",
        "",
        "16:10",
        "18:15",
        "19:25",
        "21:30",
        "",
        "",
        "",
        ""
    ],
    "sched2": [],
    "sched3": [],
    "sched1_reg_start": "32044",
    "sched1_cooling_setpoint_reg": "8099",
    "sched2_reg_start": "32116",
    "sched2_cooling_setpoint_reg": "8125",
    "sched3_reg_start": "32188",
    "sched3_cooling_setpoint_reg": "",
    "saveStatus": "saved",
    "sched1_heating_setpoint_reg": "8103",
    "sched2_heating_setpoint_reg": "8123",
    "sched3_heating_setpoint_reg": "",
    "mode_reg": "8097",
    "device_internal_temp_reg": "",
    "fan_mode_reg": "8095",
    "override_enable_reg": "8121",
    "override_timer_reg": "8117",
    "override_time_left_reg": "8119",
    "menu_button_color": "#2b8ef7",
    "menu_button_selected_color": "#ee2f2f"
}