{
    "number_rooms": 3,
    "number_scheds": 1,
    "room1_name": "Living Room",
    "room1_temp_reg": 7501,
    "room2_name": "Dining Room",
    "room2_temp_reg": 7501,
    "room3_name": "Master Bedroom",
    "room3_temp_reg": 7501,
    "sched1_name": "Occupied",
    "sched1_reg_start": "32044",
    "selectedID": 3,
    "currentID": 1,
    "curr_sched": "sched1",
    "sched1": [
        "07:00",
        "23:55",
        "",
        "",
        "",
        "",
        "",
        "",
        "07:00",
        "23:55",
        "",
        "",
        "",
        "",
        "",
        "",
        "07:00",
        "23:55",
        "",
        "",
        "",
        "",
        "",
        "",
        "07:00",
        "23:55",
        "",
        "",
        "",
        "",
        "",
        "",
        "07:00",
        "23:55",
        "",
        "",
        "",
        "",
        "",
        "",
        "07:00",
        "23:55",
        "",
        "",
        "",
        "",
        "",
        "",
        "07:00",
        "23:55",
        "",
        "",
        "",
        "",
        "",
        "",
        "07:00",
        "23:55",
        "",
        "",
        "",
        "",
        "",
        "",
        "07:00",
        "23:55",
        "",
        "",
        "",
        "",
        "",
        ""
    ],
    "saveStatus": "saved",
    "mode_reg": 8097,
    "fan_mode_reg": 8095,
    "override_enable_reg": 8121,
    "override_timer_reg": 8117,
    "override_time_left_reg": 8119,
    "menu_button_color": "#2b8ef7",
    "menu_button_selected_color": "#ee2f2f",
    "room1_humidity_reg": 7505,
    "room2_humidity_reg": "7505",
    "room3_humidity_reg": 7505,
    "temp_gauge_min": 10,
    "temp_gauge_max": 35,
    "setpoint_min_reg": 8129,
    "setpoint_max_reg": 8127,
    "gauge_size": 235,
    "sched1_setpoint": 20,
    "setpoint_reg": 8093,
    "cool_deadband_reg": 8101,
    "heat_deadband_reg": 8105,
    "cool_deadband": 1,
    "heat_deadband": 1,
    "room1_setpoint": 23,
    "setpoint_max1": 25000,
    "setpoint_min1": 15000
}