{
    "number_rooms": 3,
    "number_scheds": 1,
    "room1_name": "Living Room",
    "room1_temp_reg": 7501,
    "room1_humidity_reg": 7505,
    "room2_name": "Dining Room",
    "room2_temp_reg": 7501,
    "room2_humidity_reg": 7505,
    "room3_name": "Master Bedroom",
    "room3_temp_reg": 7501,
    "room3_humidity_reg": 7505,
    "room4_name": "Bedroom1",
    "room4_temp_reg": 7501,
    "room4_humidity_reg": 7505,
    "room5_name": "Bedroom2",
    "room5_temp_reg": 7501,
    "room5_humidity_reg": 7505,
    "room6_name": "Kitchen",
    "room6_temp_reg": 7501,
    "room6_humidity_reg": 7505,
    "room7_name": "Basement",
    "room7_temp_reg": 7501,
    "room7_humidity_reg": 7505,
    "room8_name": "Garage",
    "room8_temp_reg": 7501,
    "room8_humidity_reg": 7505,
    "sched1_name": "Occupied",
    "sched1_reg_start": 32044,
    "sched1_flag_reg": 33201,
    "selectedID": 3,
    "currentID": 1,
    "curr_sched": "sched1",
    "sched1": [
        "08:00",
        "23:55",
        "",
        "",
        "",
        "",
        "",
        "",
        "08:00",
        "23:55",
        "",
        "",
        "",
        "",
        "",
        "",
        "08:00",
        "23:55",
        "",
        "",
        "",
        "",
        "",
        "",
        "08:00",
        "23:55",
        "",
        "",
        "",
        "",
        "",
        "",
        "08:00",
        "23:55",
        "",
        "",
        "",
        "",
        "",
        "",
        "08:00",
        "23:55",
        "",
        "",
        "",
        "",
        "",
        "",
        "08:00",
        "23:55",
        "",
        "",
        "",
        "",
        "",
        "",
        "08:00",
        "23:55",
        "",
        "",
        "",
        "",
        "",
        "",
        "08:00",
        "23:55",
        "",
        "",
        "",
        "",
        "",
        ""
    ],
    "saveStatus": "saved",
    "fan_mode_reg": 8095,
    "mode_reg": 8097,
    "override_enable_reg": 8121,
    "override_timer_reg": 8116,
    "override_time_left_reg": 8118,
    "schedule1_status_reg": 15823,
    "setpoint_C-F_reg": 8532,
    "setpoint_reg": 8093,
    "setpoint_min_reg": 8129,
    "setpoint_max_reg": 8127,
    "cool_deadband_reg": 8101,
    "heat_deadband_reg": 8105,
    "temp_gauge_min": 10,
    "temp_gauge_max": 35,
    "cool_deadband": 1,
    "heat_deadband": 1,
    "gauge_size": 200,
    "refresh_rate": 30,
    "temp_mode": "C",
    "menu_button_color": "#2b8ef7",
    "menu_button_selected_color": "#ee2f2f",
    "hasHumidity": true,
    "hasOccupancy": true,
    "hasC02": false,
    "hasPressure": false,
    "hasTVOC": false,
    "hasLight": false,
    "setpoint_max1": 25,
    "setpoint_min1": 15,
    "room1_setpoint": 21,
    "room2_setpoint": 20,
    "room3_setpoint": 24,
    "room4_setpoint": 20,
    "room5_setpoint": 20,
    "room6_setpoint": 20,
    "room7_setpoint": 20,
    "room8_setpoint": 20,
    "prev1Setpnt": 21,
    "prev2Setpnt": 20,
    "prev3Setpnt": 24,
    "prev4Setpnt": 20,
    "prev5Setpnt": 20,
    "prev6Setpnt": 20,
    "prev7Setpnt": 20,
    "prev8Setpnt": 20,
    "humidity1": 64350,
    "humidity2": 63898,
    "humidity3": 64242
}